Row,z_1,z_2
0,0.6983026739311952,-1.5978181671837148
1,1.1039985828610352,-1.5830233611488296
2,1.0881725993772546,-1.1049933650413075
