Row,EDS,EZR,S3,POT,L1,TD_P,C4,DS,TD_U
z_1,-0.22733434831218619,-0.13955011746255902,-0.4567905182287645,-0.039764798150720836,0.11636374918232678,-0.1342719876374664,0.05006771287994271,-0.28996797527785073,0.41945018467143436
z_2,0.011094830527695887,0.19270713888137492,0.3864026332370626,0.14136506804417381,0.6012969108258852,0.17301950197971375,0.07867034257441968,0.09466536337103464,-0.26997529789057356
